<ImportExportXml version="8.2.0001.0178" SolutionPackageVersion="8.2" languagecode="1041" generatedBy="CrmLive" xmlns:xsi="http://www.w3.org/2001/XMLSchema-instance">
  <SolutionManifest>
    <UniqueName>D365ConnectionViewer</UniqueName>
    <LocalizedNames>
      <LocalizedName description="D365ConnectionViewer" languagecode="1041" />
    </LocalizedNames>
    <Descriptions>
      <Description description="■v1.2.0.28 (2017年5月15日)&#xA;・カードレイアウトの管理機能を追加&#xA;&#xA;■v1.1.0.27 (2017年5月1日)&#xA;・Dynamics 365 (CRM) v8.2.1 での動作確認&#xA;・Sdk.Soap.js を使用せず、Web API を使用するように変更&#xA;・&quot;ConfigSet.xml&quot; を編集して行うコンフィグ情報をシンプルに変更" languagecode="1041" />
    </Descriptions>
    <Version>1.2.0.28</Version>
    <Managed>0</Managed>
    <Publisher>
      <UniqueName>mskksamp</UniqueName>
      <LocalizedNames>
        <LocalizedName description="mskksamp" languagecode="1041" />
      </LocalizedNames>
      <Descriptions />
      <EMailAddress xsi:nil="true"></EMailAddress>
      <SupportingWebsiteUrl xsi:nil="true"></SupportingWebsiteUrl>
      <CustomizationPrefix>mskksamp</CustomizationPrefix>
      <CustomizationOptionValuePrefix>74183</CustomizationOptionValuePrefix>
      <Addresses>
        <Address>
          <AddressNumber>1</AddressNumber>
          <AddressTypeCode>1</AddressTypeCode>
          <City xsi:nil="true"></City>
          <County xsi:nil="true"></County>
          <Country xsi:nil="true"></Country>
          <Fax xsi:nil="true"></Fax>
          <FreightTermsCode xsi:nil="true"></FreightTermsCode>
          <ImportSequenceNumber xsi:nil="true"></ImportSequenceNumber>
          <Latitude xsi:nil="true"></Latitude>
          <Line1 xsi:nil="true"></Line1>
          <Line2 xsi:nil="true"></Line2>
          <Line3 xsi:nil="true"></Line3>
          <Longitude xsi:nil="true"></Longitude>
          <Name xsi:nil="true"></Name>
          <PostalCode xsi:nil="true"></PostalCode>
          <PostOfficeBox xsi:nil="true"></PostOfficeBox>
          <PrimaryContactName xsi:nil="true"></PrimaryContactName>
          <ShippingMethodCode>1</ShippingMethodCode>
          <StateOrProvince xsi:nil="true"></StateOrProvince>
          <Telephone1 xsi:nil="true"></Telephone1>
          <Telephone2 xsi:nil="true"></Telephone2>
          <Telephone3 xsi:nil="true"></Telephone3>
          <TimeZoneRuleVersionNumber xsi:nil="true"></TimeZoneRuleVersionNumber>
          <UPSZone xsi:nil="true"></UPSZone>
          <UTCOffset xsi:nil="true"></UTCOffset>
          <UTCConversionTimeZoneCode xsi:nil="true"></UTCConversionTimeZoneCode>
        </Address>
        <Address>
          <AddressNumber>2</AddressNumber>
          <AddressTypeCode>1</AddressTypeCode>
          <City xsi:nil="true"></City>
          <County xsi:nil="true"></County>
          <Country xsi:nil="true"></Country>
          <Fax xsi:nil="true"></Fax>
          <FreightTermsCode xsi:nil="true"></FreightTermsCode>
          <ImportSequenceNumber xsi:nil="true"></ImportSequenceNumber>
          <Latitude xsi:nil="true"></Latitude>
          <Line1 xsi:nil="true"></Line1>
          <Line2 xsi:nil="true"></Line2>
          <Line3 xsi:nil="true"></Line3>
          <Longitude xsi:nil="true"></Longitude>
          <Name xsi:nil="true"></Name>
          <PostalCode xsi:nil="true"></PostalCode>
          <PostOfficeBox xsi:nil="true"></PostOfficeBox>
          <PrimaryContactName xsi:nil="true"></PrimaryContactName>
          <ShippingMethodCode>1</ShippingMethodCode>
          <StateOrProvince xsi:nil="true"></StateOrProvince>
          <Telephone1 xsi:nil="true"></Telephone1>
          <Telephone2 xsi:nil="true"></Telephone2>
          <Telephone3 xsi:nil="true"></Telephone3>
          <TimeZoneRuleVersionNumber xsi:nil="true"></TimeZoneRuleVersionNumber>
          <UPSZone xsi:nil="true"></UPSZone>
          <UTCOffset xsi:nil="true"></UTCOffset>
          <UTCConversionTimeZoneCode xsi:nil="true"></UTCConversionTimeZoneCode>
        </Address>
      </Addresses>
    </Publisher>
    <RootComponents>
      <RootComponent type="61" schemaName="mskksamp_/D365ConnectionViewer/CV/Data/ConfigSet.xml" behavior="0" />
      <RootComponent type="61" schemaName="mskksamp_/D365ConnectionViewer/CV/Images/line.png" behavior="0" />
      <RootComponent type="61" schemaName="mskksamp_/D365ConnectionViewer/CV/main.html" behavior="0" />
      <RootComponent type="61" schemaName="mskksamp_/D365ConnectionViewer/CV/Scripts/CV.js" behavior="0" />
      <RootComponent type="61" schemaName="mskksamp_/D365ConnectionViewer/CV/Scripts/Sdk.WebAPIQuery.js" behavior="0" />
      <RootComponent type="61" schemaName="mskksamp_/D365ConnectionViewer/CV/Styles/CV.css" behavior="0" />
      <RootComponent type="61" schemaName="mskksamp_/D365ConnectionViewer/Scripts/d3/d3.min.js" behavior="0" />
      <RootComponent type="61" schemaName="mskksamp_/D365ConnectionViewer/Scripts/jQuery/jquery_1.9.1.min.js" behavior="0" />
      <RootComponent type="61" schemaName="mskksamp_/D365ConnectionViewer/Scripts/jQueryMobile/jquery.mobile_1.4.5.min.js" behavior="0" />
      <RootComponent type="61" schemaName="mskksamp_/D365ConnectionViewer/Styles/jQueryMobile/images/ajax_loader.gif" behavior="0" />
      <RootComponent type="61" schemaName="mskksamp_/D365ConnectionViewer/Styles/jQueryMobile/jquery.mobile_1.4.5.min.css" behavior="0" />
      <RootComponent type="61" schemaName="mskksamp_/D365ConnectionViewer/_imgs/CRMTile/background_white.png" behavior="0" />
      <RootComponent type="61" schemaName="mskksamp_/D365ConnectionViewer/_imgs/Navbar/ActionImgs/Account_32.png" behavior="0" />
      <RootComponent type="61" schemaName="mskksamp_/D365ConnectionViewer/_imgs/Navbar/ActionImgs/Cases_32.png" behavior="0" />
      <RootComponent type="61" schemaName="mskksamp_/D365ConnectionViewer/_imgs/Navbar/ActionImgs/Contact_32.png" behavior="0" />
      <RootComponent type="61" schemaName="mskksamp_/D365ConnectionViewer/_imgs/Navbar/ActionImgs/CustomEntity_32.png" behavior="0" />
      <RootComponent type="61" schemaName="mskksamp_/D365ConnectionViewer/_imgs/Navbar/ActionImgs/Lead_32.png" behavior="0" />
      <RootComponent type="61" schemaName="mskksamp_/D365ConnectionViewer/_imgs/Navbar/ActionImgs/Opportunity_32.png" behavior="0" />
      <RootComponent type="61" schemaName="mskksamp_/D365ConnectionViewer/_imgs/Navbar/ActionImgs/User_32.png" behavior="0" />
    </RootComponents>
    <MissingDependencies />
  </SolutionManifest>
</ImportExportXml>