<ImportExportXml xmlns:xsi="http://www.w3.org/2001/XMLSchema-instance">
  <Entities></Entities>
  <Roles></Roles>
  <Workflows></Workflows>
  <FieldSecurityProfiles></FieldSecurityProfiles>
  <Templates />
  <EntityMaps />
  <EntityRelationships />
  <OrganizationSettings />
  <optionsets />
  <WebResources>
    <WebResource>
      <WebResourceId>{a309a729-5047-e711-80f5-480fcff207f1}</WebResourceId>
      <Name>mskksamp_/D365ConnectionViewer/CV/Scripts/Sdk.WebAPIUtil.js</Name>
      <DisplayName>Sdk.WebAPIUtil.js</DisplayName>
      <WebResourceType>3</WebResourceType>
      <IntroducedVersion>1.2.0.28</IntroducedVersion>
      <IsEnabledForMobileClient>0</IsEnabledForMobileClient>
      <IsAvailableForMobileOffline>0</IsAvailableForMobileOffline>
      <DependencyXml>&lt;Dependencies&gt;&lt;Dependency componentType="WebResource"/&gt;&lt;/Dependencies&gt;</DependencyXml>
      <IsCustomizable>1</IsCustomizable>
      <CanBeDeleted>1</CanBeDeleted>
      <IsHidden>0</IsHidden>
      <FileName>/WebResources/mskksamp_D365ConnectionViewerCVScriptsSdkWebAPIUtiA309A729-5047-E711-80F5-480FCFF207F1</FileName>
    </WebResource>
    <WebResource>
      <WebResourceId>{7d6ecc79-3c78-e711-80f9-480fcff207f1}</WebResourceId>
      <Name>mskksamp_/D365ConnectionViewer/CV/Images/Spinner77x77.gif</Name>
      <DisplayName>Spinner77x77.gif</DisplayName>
      <WebResourceType>7</WebResourceType>
      <IntroducedVersion>1.2.0.28</IntroducedVersion>
      <IsEnabledForMobileClient>0</IsEnabledForMobileClient>
      <IsAvailableForMobileOffline>0</IsAvailableForMobileOffline>
      <DependencyXml>&lt;Dependencies&gt;&lt;Dependency componentType="WebResource"/&gt;&lt;/Dependencies&gt;</DependencyXml>
      <IsCustomizable>1</IsCustomizable>
      <CanBeDeleted>1</CanBeDeleted>
      <IsHidden>0</IsHidden>
      <FileName>/WebResources/mskksamp_D365ConnectionViewerCVImagesSpinner77x77g7D6ECC79-3C78-E711-80F9-480FCFF207F1</FileName>
    </WebResource>
    <WebResource>
      <WebResourceId>{8e64052b-192e-e711-80f1-480fcff2d601}</WebResourceId>
      <Name>mskksamp_/D365ConnectionViewer/CV/main.html</Name>
      <DisplayName>main.html</DisplayName>
      <WebResourceType>1</WebResourceType>
      <IntroducedVersion>1.0</IntroducedVersion>
      <IsEnabledForMobileClient>0</IsEnabledForMobileClient>
      <IsAvailableForMobileOffline>0</IsAvailableForMobileOffline>
      <DependencyXml>&lt;Dependencies&gt;&lt;Dependency componentType="WebResource"/&gt;&lt;/Dependencies&gt;</DependencyXml>
      <IsCustomizable>1</IsCustomizable>
      <CanBeDeleted>1</CanBeDeleted>
      <IsHidden>0</IsHidden>
      <FileName>/WebResources/mskksamp_D365ConnectionViewerCVmainhtml8E64052B-192E-E711-80F1-480FCFF2D601</FileName>
    </WebResource>
    <WebResource>
      <WebResourceId>{9164052b-192e-e711-80f1-480fcff2d601}</WebResourceId>
      <Name>mskksamp_/D365ConnectionViewer/CV/Data/ConfigSet.xml</Name>
      <DisplayName>ConfigSet.xml</DisplayName>
      <WebResourceType>4</WebResourceType>
      <IntroducedVersion>1.0</IntroducedVersion>
      <IsEnabledForMobileClient>0</IsEnabledForMobileClient>
      <IsAvailableForMobileOffline>0</IsAvailableForMobileOffline>
      <DependencyXml>&lt;Dependencies&gt;&lt;Dependency componentType="WebResource"/&gt;&lt;/Dependencies&gt;</DependencyXml>
      <IsCustomizable>1</IsCustomizable>
      <CanBeDeleted>1</CanBeDeleted>
      <IsHidden>0</IsHidden>
      <FileName>/WebResources/mskksamp_D365ConnectionViewerCVDataConfigSetxml9164052B-192E-E711-80F1-480FCFF2D601</FileName>
    </WebResource>
    <WebResource>
      <WebResourceId>{9464052b-192e-e711-80f1-480fcff2d601}</WebResourceId>
      <Name>mskksamp_/D365ConnectionViewer/_imgs/Navbar/ActionImgs/Account_32.png</Name>
      <DisplayName>Account_32.png</DisplayName>
      <WebResourceType>5</WebResourceType>
      <IntroducedVersion>1.0</IntroducedVersion>
      <IsEnabledForMobileClient>0</IsEnabledForMobileClient>
      <IsAvailableForMobileOffline>0</IsAvailableForMobileOffline>
      <IsCustomizable>1</IsCustomizable>
      <CanBeDeleted>1</CanBeDeleted>
      <IsHidden>0</IsHidden>
      <FileName>/WebResources/mskksamp_D365ConnectionViewer_imgsNavbarActionImgs9464052B-192E-E711-80F1-480FCFF2D601</FileName>
    </WebResource>
    <WebResource>
      <WebResourceId>{9764052b-192e-e711-80f1-480fcff2d601}</WebResourceId>
      <Name>mskksamp_/D365ConnectionViewer/Styles/jQueryMobile/images/ajax_loader.gif</Name>
      <DisplayName>ajax_loader.gif</DisplayName>
      <WebResourceType>7</WebResourceType>
      <IntroducedVersion>1.0</IntroducedVersion>
      <IsEnabledForMobileClient>0</IsEnabledForMobileClient>
      <IsAvailableForMobileOffline>0</IsAvailableForMobileOffline>
      <IsCustomizable>1</IsCustomizable>
      <CanBeDeleted>1</CanBeDeleted>
      <IsHidden>0</IsHidden>
      <FileName>/WebResources/mskksamp_D365ConnectionViewerStylesjQueryMobileima9764052B-192E-E711-80F1-480FCFF2D601</FileName>
    </WebResource>
    <WebResource>
      <WebResourceId>{9a64052b-192e-e711-80f1-480fcff2d601}</WebResourceId>
      <Name>mskksamp_/D365ConnectionViewer/_imgs/CRMTile/background_white.png</Name>
      <DisplayName>background_white.png</DisplayName>
      <WebResourceType>5</WebResourceType>
      <IntroducedVersion>1.0</IntroducedVersion>
      <IsEnabledForMobileClient>0</IsEnabledForMobileClient>
      <IsAvailableForMobileOffline>0</IsAvailableForMobileOffline>
      <IsCustomizable>1</IsCustomizable>
      <CanBeDeleted>1</CanBeDeleted>
      <IsHidden>0</IsHidden>
      <FileName>/WebResources/mskksamp_D365ConnectionViewer_imgsCRMTilebackgroun9A64052B-192E-E711-80F1-480FCFF2D601</FileName>
    </WebResource>
    <WebResource>
      <WebResourceId>{9d64052b-192e-e711-80f1-480fcff2d601}</WebResourceId>
      <Name>mskksamp_/D365ConnectionViewer/_imgs/Navbar/ActionImgs/Cases_32.png</Name>
      <DisplayName>Cases_32.png</DisplayName>
      <WebResourceType>5</WebResourceType>
      <IntroducedVersion>1.0</IntroducedVersion>
      <IsEnabledForMobileClient>0</IsEnabledForMobileClient>
      <IsAvailableForMobileOffline>0</IsAvailableForMobileOffline>
      <IsCustomizable>1</IsCustomizable>
      <CanBeDeleted>1</CanBeDeleted>
      <IsHidden>0</IsHidden>
      <FileName>/WebResources/mskksamp_D365ConnectionViewer_imgsNavbarActionImgs9D64052B-192E-E711-80F1-480FCFF2D601</FileName>
    </WebResource>
    <WebResource>
      <WebResourceId>{a064052b-192e-e711-80f1-480fcff2d601}</WebResourceId>
      <Name>mskksamp_/D365ConnectionViewer/_imgs/Navbar/ActionImgs/Contact_32.png</Name>
      <DisplayName>Contact_32.png</DisplayName>
      <WebResourceType>5</WebResourceType>
      <IntroducedVersion>1.0</IntroducedVersion>
      <IsEnabledForMobileClient>0</IsEnabledForMobileClient>
      <IsAvailableForMobileOffline>0</IsAvailableForMobileOffline>
      <IsCustomizable>1</IsCustomizable>
      <CanBeDeleted>1</CanBeDeleted>
      <IsHidden>0</IsHidden>
      <FileName>/WebResources/mskksamp_D365ConnectionViewer_imgsNavbarActionImgsA064052B-192E-E711-80F1-480FCFF2D601</FileName>
    </WebResource>
    <WebResource>
      <WebResourceId>{a364052b-192e-e711-80f1-480fcff2d601}</WebResourceId>
      <Name>mskksamp_/D365ConnectionViewer/_imgs/Navbar/ActionImgs/CustomEntity_32.png</Name>
      <DisplayName>CustomEntity_32.png</DisplayName>
      <WebResourceType>5</WebResourceType>
      <IntroducedVersion>1.0</IntroducedVersion>
      <IsEnabledForMobileClient>0</IsEnabledForMobileClient>
      <IsAvailableForMobileOffline>0</IsAvailableForMobileOffline>
      <IsCustomizable>1</IsCustomizable>
      <CanBeDeleted>1</CanBeDeleted>
      <IsHidden>0</IsHidden>
      <FileName>/WebResources/mskksamp_D365ConnectionViewer_imgsNavbarActionImgsA364052B-192E-E711-80F1-480FCFF2D601</FileName>
    </WebResource>
    <WebResource>
      <WebResourceId>{a664052b-192e-e711-80f1-480fcff2d601}</WebResourceId>
      <Name>mskksamp_/D365ConnectionViewer/CV/Styles/CV.css</Name>
      <DisplayName>CV.css</DisplayName>
      <WebResourceType>2</WebResourceType>
      <IntroducedVersion>1.0</IntroducedVersion>
      <IsEnabledForMobileClient>0</IsEnabledForMobileClient>
      <IsAvailableForMobileOffline>0</IsAvailableForMobileOffline>
      <DependencyXml>&lt;Dependencies&gt;&lt;Dependency componentType="WebResource"/&gt;&lt;/Dependencies&gt;</DependencyXml>
      <IsCustomizable>1</IsCustomizable>
      <CanBeDeleted>1</CanBeDeleted>
      <IsHidden>0</IsHidden>
      <FileName>/WebResources/mskksamp_D365ConnectionViewerCVStylesCVcssA664052B-192E-E711-80F1-480FCFF2D601</FileName>
    </WebResource>
    <WebResource>
      <WebResourceId>{a964052b-192e-e711-80f1-480fcff2d601}</WebResourceId>
      <Name>mskksamp_/D365ConnectionViewer/CV/Scripts/CV.js</Name>
      <DisplayName>CV.js</DisplayName>
      <WebResourceType>3</WebResourceType>
      <IntroducedVersion>1.0</IntroducedVersion>
      <IsEnabledForMobileClient>0</IsEnabledForMobileClient>
      <IsAvailableForMobileOffline>0</IsAvailableForMobileOffline>
      <DependencyXml>&lt;Dependencies&gt;&lt;Dependency componentType="WebResource"/&gt;&lt;/Dependencies&gt;</DependencyXml>
      <IsCustomizable>1</IsCustomizable>
      <CanBeDeleted>1</CanBeDeleted>
      <IsHidden>0</IsHidden>
      <FileName>/WebResources/mskksamp_D365ConnectionViewerCVScriptsCVjsA964052B-192E-E711-80F1-480FCFF2D601</FileName>
    </WebResource>
    <WebResource>
      <WebResourceId>{ac64052b-192e-e711-80f1-480fcff2d601}</WebResourceId>
      <Name>mskksamp_/D365ConnectionViewer/Scripts/d3/d3.min.js</Name>
      <DisplayName>d3.min.js</DisplayName>
      <WebResourceType>3</WebResourceType>
      <IntroducedVersion>1.0</IntroducedVersion>
      <IsEnabledForMobileClient>0</IsEnabledForMobileClient>
      <IsAvailableForMobileOffline>0</IsAvailableForMobileOffline>
      <IsCustomizable>1</IsCustomizable>
      <CanBeDeleted>1</CanBeDeleted>
      <IsHidden>0</IsHidden>
      <FileName>/WebResources/mskksamp_D365ConnectionViewerScriptsd3d3minjsAC64052B-192E-E711-80F1-480FCFF2D601</FileName>
    </WebResource>
    <WebResource>
      <WebResourceId>{af64052b-192e-e711-80f1-480fcff2d601}</WebResourceId>
      <Name>mskksamp_/D365ConnectionViewer/Styles/jQueryMobile/jquery.mobile_1.4.5.min.css</Name>
      <DisplayName>jquery.mobile_1.4.5.min.css</DisplayName>
      <WebResourceType>2</WebResourceType>
      <IntroducedVersion>1.0</IntroducedVersion>
      <IsEnabledForMobileClient>0</IsEnabledForMobileClient>
      <IsAvailableForMobileOffline>0</IsAvailableForMobileOffline>
      <IsCustomizable>1</IsCustomizable>
      <CanBeDeleted>1</CanBeDeleted>
      <IsHidden>0</IsHidden>
      <FileName>/WebResources/mskksamp_D365ConnectionViewerStylesjQueryMobilejquAF64052B-192E-E711-80F1-480FCFF2D601</FileName>
    </WebResource>
    <WebResource>
      <WebResourceId>{b264052b-192e-e711-80f1-480fcff2d601}</WebResourceId>
      <Name>mskksamp_/D365ConnectionViewer/Scripts/jQueryMobile/jquery.mobile_1.4.5.min.js</Name>
      <DisplayName>jquery.mobile_1.4.5.min.js</DisplayName>
      <WebResourceType>3</WebResourceType>
      <IntroducedVersion>1.0</IntroducedVersion>
      <IsEnabledForMobileClient>0</IsEnabledForMobileClient>
      <IsAvailableForMobileOffline>0</IsAvailableForMobileOffline>
      <IsCustomizable>1</IsCustomizable>
      <CanBeDeleted>1</CanBeDeleted>
      <IsHidden>0</IsHidden>
      <FileName>/WebResources/mskksamp_D365ConnectionViewerScriptsjQueryMobilejqB264052B-192E-E711-80F1-480FCFF2D601</FileName>
    </WebResource>
    <WebResource>
      <WebResourceId>{b564052b-192e-e711-80f1-480fcff2d601}</WebResourceId>
      <Name>mskksamp_/D365ConnectionViewer/Scripts/jQuery/jquery_1.9.1.min.js</Name>
      <DisplayName>jquery_1.9.1.min.js</DisplayName>
      <WebResourceType>3</WebResourceType>
      <IntroducedVersion>1.0</IntroducedVersion>
      <IsEnabledForMobileClient>0</IsEnabledForMobileClient>
      <IsAvailableForMobileOffline>0</IsAvailableForMobileOffline>
      <IsCustomizable>1</IsCustomizable>
      <CanBeDeleted>1</CanBeDeleted>
      <IsHidden>0</IsHidden>
      <FileName>/WebResources/mskksamp_D365ConnectionViewerScriptsjQueryjquery_1B564052B-192E-E711-80F1-480FCFF2D601</FileName>
    </WebResource>
    <WebResource>
      <WebResourceId>{b864052b-192e-e711-80f1-480fcff2d601}</WebResourceId>
      <Name>mskksamp_/D365ConnectionViewer/_imgs/Navbar/ActionImgs/Lead_32.png</Name>
      <DisplayName>Lead_32.png</DisplayName>
      <WebResourceType>5</WebResourceType>
      <IntroducedVersion>1.0</IntroducedVersion>
      <IsEnabledForMobileClient>0</IsEnabledForMobileClient>
      <IsAvailableForMobileOffline>0</IsAvailableForMobileOffline>
      <IsCustomizable>1</IsCustomizable>
      <CanBeDeleted>1</CanBeDeleted>
      <IsHidden>0</IsHidden>
      <FileName>/WebResources/mskksamp_D365ConnectionViewer_imgsNavbarActionImgsB864052B-192E-E711-80F1-480FCFF2D601</FileName>
    </WebResource>
    <WebResource>
      <WebResourceId>{bb64052b-192e-e711-80f1-480fcff2d601}</WebResourceId>
      <Name>mskksamp_/D365ConnectionViewer/CV/Images/line.png</Name>
      <DisplayName>line.png</DisplayName>
      <WebResourceType>5</WebResourceType>
      <IntroducedVersion>1.0</IntroducedVersion>
      <IsEnabledForMobileClient>0</IsEnabledForMobileClient>
      <IsAvailableForMobileOffline>0</IsAvailableForMobileOffline>
      <IsCustomizable>1</IsCustomizable>
      <CanBeDeleted>1</CanBeDeleted>
      <IsHidden>0</IsHidden>
      <FileName>/WebResources/mskksamp_D365ConnectionViewerCVImageslinepngBB64052B-192E-E711-80F1-480FCFF2D601</FileName>
    </WebResource>
    <WebResource>
      <WebResourceId>{be64052b-192e-e711-80f1-480fcff2d601}</WebResourceId>
      <Name>mskksamp_/D365ConnectionViewer/_imgs/Navbar/ActionImgs/Opportunity_32.png</Name>
      <DisplayName>Opportunity_32.png</DisplayName>
      <WebResourceType>5</WebResourceType>
      <IntroducedVersion>1.0</IntroducedVersion>
      <IsEnabledForMobileClient>0</IsEnabledForMobileClient>
      <IsAvailableForMobileOffline>0</IsAvailableForMobileOffline>
      <IsCustomizable>1</IsCustomizable>
      <CanBeDeleted>1</CanBeDeleted>
      <IsHidden>0</IsHidden>
      <FileName>/WebResources/mskksamp_D365ConnectionViewer_imgsNavbarActionImgsBE64052B-192E-E711-80F1-480FCFF2D601</FileName>
    </WebResource>
    <WebResource>
      <WebResourceId>{c464052b-192e-e711-80f1-480fcff2d601}</WebResourceId>
      <Name>mskksamp_/D365ConnectionViewer/_imgs/Navbar/ActionImgs/User_32.png</Name>
      <DisplayName>User_32.png</DisplayName>
      <WebResourceType>5</WebResourceType>
      <IntroducedVersion>1.0</IntroducedVersion>
      <IsEnabledForMobileClient>0</IsEnabledForMobileClient>
      <IsAvailableForMobileOffline>0</IsAvailableForMobileOffline>
      <IsCustomizable>1</IsCustomizable>
      <CanBeDeleted>1</CanBeDeleted>
      <IsHidden>0</IsHidden>
      <FileName>/WebResources/mskksamp_D365ConnectionViewer_imgsNavbarActionImgsC464052B-192E-E711-80F1-480FCFF2D601</FileName>
    </WebResource>
  </WebResources>
  <Languages>
    <Language>1041</Language>
  </Languages>
</ImportExportXml>